{"cameraMode":{"drawMode":0,"name":"Shaded","section":"Shading Mode"},"sceneLighting":true,"audioPlay":false,"sceneViewState":{"showFog":true,"showMaterialUpdate":false,"showSkybox":true,"showFlares":true,"showImageEffects":true,"showParticleSystems":true},"in2DMode":false,"pivot":{"x":11.718016624450684,"y":52.30738067626953,"z":-16.732601165771486},"rotation":{"x":-0.2658992111682892,"y":-0.13334676623344422,"z":0.037126574665308,"w":-0.9540634751319885},"size":12.333221435546875,"orthographic":false}