{"cameraMode":{"drawMode":0,"name":"Shaded","section":"Shading Mode"},"sceneLighting":false,"audioPlay":false,"sceneViewState":{"showFog":true,"showMaterialUpdate":false,"showSkybox":false,"showFlares":true,"showImageEffects":true,"showParticleSystems":true},"in2DMode":false,"pivot":{"x":-11.525789260864258,"y":7.569643020629883,"z":7.311811447143555},"rotation":{"x":0.09029623866081238,"y":-0.5727292895317078,"z":0.06365412473678589,"w":0.8123052716255188},"size":3.0195417404174806,"orthographic":false}