{"cameraMode":{"drawMode":0,"name":"Shaded","section":"Shading Mode"},"sceneLighting":false,"audioPlay":false,"sceneViewState":{"showFog":true,"showMaterialUpdate":false,"showSkybox":false,"showFlares":true,"showImageEffects":true,"showParticleSystems":true},"in2DMode":false,"pivot":{"x":1.0350911617279053,"y":2.7699999809265138,"z":1.310529112815857},"rotation":{"x":-0.2233107089996338,"y":-0.2820383608341217,"z":0.06767518818378449,"w":-0.9306480288505554},"size":10.0,"orthographic":false}