{"cameraMode":{"drawMode":0,"name":"Shaded","section":"Shading Mode"},"sceneLighting":false,"audioPlay":false,"sceneViewState":{"showFog":true,"showMaterialUpdate":false,"showSkybox":false,"showFlares":true,"showImageEffects":true,"showParticleSystems":true},"in2DMode":false,"pivot":{"x":-9.592000007629395,"y":8.960000038146973,"z":16.714059829711915},"rotation":{"x":-0.15396517515182496,"y":0.7176410555839539,"z":-0.16787752509117127,"w":-0.6581530570983887},"size":3.8005988597869875,"orthographic":false}