{"cameraMode":{"drawMode":0,"name":"Shaded","section":"Shading Mode"},"sceneLighting":false,"audioPlay":false,"sceneViewState":{"showFog":true,"showMaterialUpdate":false,"showSkybox":false,"showFlares":true,"showImageEffects":true,"showParticleSystems":true},"in2DMode":false,"pivot":{"x":2.4708008766174318,"y":-0.27012401819229128,"z":-1.814408302307129},"rotation":{"x":-0.2233107089996338,"y":-0.2820383608341217,"z":0.06767518818378449,"w":-0.9306480288505554},"size":5.700017929077148,"orthographic":false}