{"cameraMode":{"drawMode":0,"name":"Shaded","section":"Shading Mode"},"sceneLighting":true,"audioPlay":false,"sceneViewState":{"showFog":true,"showMaterialUpdate":false,"showSkybox":true,"showFlares":true,"showImageEffects":true,"showParticleSystems":true},"in2DMode":false,"pivot":{"x":-0.4885057210922241,"y":0.9767746329307556,"z":-1.097998023033142},"rotation":{"x":-0.2233107089996338,"y":-0.2820383608341217,"z":0.06767518818378449,"w":-0.9306480288505554},"size":8.16109561920166,"orthographic":false}