{"cameraMode":{"drawMode":0,"name":"Shaded","section":"Shading Mode"},"sceneLighting":true,"audioPlay":false,"sceneViewState":{"showFog":true,"showMaterialUpdate":false,"showSkybox":true,"showFlares":true,"showImageEffects":true,"showParticleSystems":true},"in2DMode":false,"pivot":{"x":-0.015519266948103905,"y":4.111025810241699,"z":1.6364878416061402},"rotation":{"x":-0.15396517515182496,"y":0.7176410555839539,"z":-0.16787752509117127,"w":-0.6581530570983887},"size":5.630913257598877,"orthographic":false}