{"cameraMode":{"drawMode":0,"name":"Shaded","section":"Shading Mode"},"sceneLighting":false,"audioPlay":false,"sceneViewState":{"showFog":true,"showMaterialUpdate":false,"showSkybox":false,"showFlares":true,"showImageEffects":true,"showParticleSystems":true},"in2DMode":false,"pivot":{"x":-9.073719024658204,"y":0.5081586837768555,"z":11.114706039428711},"rotation":{"x":0.09029623866081238,"y":-0.5727292895317078,"z":0.06365412473678589,"w":0.8123052716255188},"size":17.855880737304689,"orthographic":false}